<?xml version="1.0" encoding="UTF-8" ?>
<!DOCTYPE mapper PUBLIC "-//mybatis.org//DTD Mapper 3.0//EN"
  "http://mybatis.org/dtd/mybatis-3-mapper.dtd">
<mapper namespace="member">
	<insert id="insert" parameterType="memberDTO">
		INSERT INTO member values (#{id}, #{pw}, #{name}, #{tel})
	</insert>
	
	<select id="select" parameterType="memberDTO" resultMap="rsMap1">
		select * from member where id = #{id}
	</select>
	
	
	<!-- orm(object rdb mapping) -->
	<resultMap type="memberDTO" id="rsMap1">
		<result property="id" column="id"/>
		<result property="pw" column="pw"/>
		<result property="name" column="name"/>
		<result property="tel" column="tel"/>
	</resultMap>
	
	
	<update id="update" parameterType="memberDTO">
		update member set pw = #{pw}, name = #{name}, tel = #{tel} where id = #{id} 
	</update>
	
	
	<select id="login" parameterType="memberDTO" resultMap="rsMap1">
		select * from member where id = #{id} and pw = #{pw}
	</select>
		
	
		
</mapper>
