<?xml version="1.0" encoding="UTF-8" ?>
<!DOCTYPE mapper PUBLIC "-//mybatis.org//DTD Mapper 3.0//EN"
  "http://mybatis.org/dtd/mybatis-3-mapper.dtd">
<mapper namespace="product">
	<select id="list" resultMap="rsMap2">
		select * from product
	</select>
	
	<resultMap type="productDTO" id="rsMap2">
		<result property="id" column="id"/>
		<result property="title" column="title"/>
		<result property="price" column="price"/>
		<result property="info" column="info"/>
		<result property="img" column="img"/>
	</resultMap>
	
	



		
</mapper>
