<?xml version="1.0" encoding="UTF-8"?>
<beans xmlns="http://www.springframework.org/schema/beans"
	xmlns:xsi="http://www.w3.org/2001/XMLSchema-instance"
	xsi:schemaLocation="http://www.springframework.org/schema/beans http://www.springframework.org/schema/beans/spring-beans.xsd">

<bean id="my" class="">
	<constructor-arg ref="config"></constructor-arg>
</bean>
<bean id="config" class="">
	<property name="db" ref="dbcp"></property>
</bean>
<bean id="dbcp" class="">
	<!-- db.properties -->
</bean>

</beans>
