<?xml version="1.0" encoding="UTF-8" ?>
<!DOCTYPE mapper PUBLIC "-//mybatis.org//DTD Mapper 3.0//EN"
  "http://mybatis.org/dtd/mybatis-3-mapper.dtd">

<mapper namespace="bbs">
	<select id="selectOne" resultMap="rsMap" parameterType="bbsDTO">
		select * from bbs where id = #{id}
	</select>
	
	<select id="selectAll" resultMap="rsMap">
		select * from bbs;
	</select>
	
	<!-- orm 정의 -->
	<resultMap type="bbsDTO" id="rsMap">
		<result property="id" column="id"/>
		<result property="title" column="title"/>
		<result property="content" column="content"/>
		<result property="writer" column="writer"/>
	</resultMap>


	<insert id="insert" parameterType="bbsDTO">
		INSERT INTO bbs VALUES(#{id}, #{title}, #{content}, #{writer})
	</insert>
	
</mapper>
