<?xml version="1.0" encoding="UTF-8"?>
<beans xmlns="http://www.springframework.org/schema/beans"
	xmlns:xsi="http://www.w3.org/2001/XMLSchema-instance"
	xsi:schemaLocation="http://www.springframework.org/schema/beans http://www.springframework.org/schema/beans/spring-beans.xsd">

<!-- 필요한 싱글톤 객체 설정  -->
<!-- dbcp 싱글톤  객체 설정-->
<bean id="dbcp" class="org.apache.commons.dbcp.BasicDataSource">
	<property name="driverClassName" value="com.mysql.jdbc.Driver"></property>
	<property name="url" value="jdbc:mysql://localhost:3308/big"></property>
	<property name="username" value="root"></property>
	<property name="password" value="1234"></property>
</bean>

<!-- myBatis 설정용 싱글톤 객체 설정 -->
<bean id="config" class="org.mybatis.spring.SqlSessionFactoryBean">
	<property name="dataSource" ref="dbcp"></property>
	<property name="configLocation" value="classpath:config.xml"></property>
</bean>

<!-- myBatis 싱글톤 객체 설정-->
<bean id="my" class="org.mybatis.spring.SqlSessionTemplate">
	<constructor-arg ref="config"></constructor-arg>
</bean>


</beans>
